year,word,frequency
0,ኢየሱስ,5551
0,እኔ,1553
0,እግዚአብሄር,1091
0,አለ,719
0,እርሱ,690
0,ክብር,574
0,ምሥጋና,569
0,ሰው,550
0,አምላኬ,523
0,ዛሬ,474
0,ፍቅር,465
0,አንተን,428
0,ገና,415
0,አምላክ,413
0,ብዙ,389
0,ማነ,381
0,በላይ,381
0,እኛ,320
0,ፊት,317
0,ልቤ,315
0,አለኝ,301
0,ቃል,297
0,ምድር,293
0,ደስ,293
0,ክበር,282
0,ህይወት,280
0,ሆነ,279
0,ምህረት,262
0,ዘለዓለም,261
0,ነፍሴ,244
0,ድል,240
0,ሃሌሉያ,234
0,ለአንተ,227
0,ሰማይ,222
0,ቀን,222
0,ህይወቴ,215
0,ጠላት,210
0,ጋር,206
0,አሜን,205
0,ሞት,203
0,ዓለም,203
0,ጊዜ,200
0,ተመስገን,195
0,ምህረቱ,192
0,ጌታን,190
0,እንዲ,183
0,ተስፋ,181
0,ይህን,179
0,ሁሉን,177
0,ጋራ,176
0,ውለታ,175
0,ደስታ,172
0,እውነት,169
0,ከፍ,166
0,ሥም,162
0,ቅዱስ,160
0,ወይ,159
0,አንድ,154
0,ገናና,154
0,ድንቅ,152
0,ንጉሥ,150
0,ዘመን,150
0,ተባረክ,148
0,ዝም,148
0,ሆኖ,147
0,ከቶ,147
0,ውስጥ,147
0,ነውና,146
0,ቤት,143
0,ስም,142
0,ኃይል,141
0,አቤቱ,141
0,እጅግ,141
0,መንገድ,140
0,እኮ,140
0,ሰላም,138
0,ማንም,136
0,ዘላለም,134
0,ዝማሬ,134
0,ልጅ,133
0,ቀር,132
0,ይሄ,131
0,ሁሌ,130
0,ስራ,130
0,መከራ,128
0,ወዳጅ,128
0,ታላቅ,127
0,አባቴ,126
0,ደግሞ,125
0,ጠላቴ,125
0,ሁልግዜ,123
0,ምንም,123
0,ያለው,123
0,እንኳ,120
0,ብርቱ,118
0,ምሥጋናዬ,116
0,በዛ,116
0,ታማኝ,116
0,አባት,116
0,ሁሉም,115
1980,ኢየሱስ,82
1980,አምላክ,39
1980,ስራ,36
1980,እርሱ,36
1980,ጠብቃለሁ,32
1980,ሞት,28
1980,እኛ,27
1980,ሁሉን,23
1980,እግዚአብሄር,23
1980,ውስጤ,22
1980,ያግደው,20
1980,ይታገለው,20
1980,ፍራ,20
1980,ማረኝ,18
1980,ወንዝ,18
1980,ድንቅ,18
1980,ሰላም,16
1980,ሰማይ,16
1980,ሰው,16
1980,አለኝ,16
1980,አይወራ,16
1980,ጌታን,16
1980,ሁሉም,15
1980,ኑሮ,14
1980,ውጊያ,14
1980,ደስታ,14
1980,ገና,14
1980,መንግሥተ,12
1980,ሰይፍ,12
1980,ቆም,12
1980,ነፍሱ,12
1980,እንኳ,12
1980,ወዲያ,12
1980,ውኃ,11
1980,ጋራ,11
1980,ህይወቴ,10
1980,መረጥን,10
1980,መዳ,10
1980,መጠለያ,10
1980,ማታ,10
1980,ስም,10
1980,ስር,10
1980,ቃሉ,10
1980,ቆመ,10
1980,ቢገድለኝ,10
1980,ብል,10
1980,ንጋቱ,10
1980,አለፍን,10
1980,አበራ,10
1980,አየነ,10
1980,እኛስ,10
1980,ከሌላ,10
1980,ኮከብ,10
1980,ዘወትር,10
1980,ይሆንልናል,10
1980,ይቆራርጣል,10
1980,ጊዜ,10
1980,ቢሆን,9
1980,እኔስ,9
1980,ይህን,9
1980,ህይወት,8
1980,ለጥሞና,8
1980,ልበረታ,8
1980,መንገዴ,8
1980,ማይጠፋ,8
1980,ምኞቴ,8
1980,ሥጋ,8
1980,ተስፋ,8
1980,ትዕዛዝ,8
1980,ንጹህ,8
1980,አቤቱ,8
1980,አዕምሮዬ,8
1980,አጣሁኝ,8
1980,አጸናለሁ,8
1980,ኡኡኡኡኡ,8
1980,እያለሁኝ,8
1980,እግር,8
1980,ከመዓቱ,8
1980,ክብሩ,8
1980,የሚያረሰርስ,8
1980,የሚፈስ,8
1980,ያድራል,8
1980,ያድናል,8
1980,ይመረጣል,8
1980,ይስፋ,8
1980,ጠዋት,8
1980,ፊቱ,8
1980,እራሱ,7
1980,ሆነ,6
1980,ሊያስተምረኝ,6
1980,ላግኘው,6
1980,ልቤ,6
1980,ልዩ,6
1980,ምድር,6
1980,በዝቶ,6
1980,ባርያውን,6
1980,ብዙ,6
1980,ተመስገን,6
1980,ትህትና,6
1980,አለ,6
1992,ውለታ,41
1992,በዛብኝ,28
1992,እግዚአብሄር,28
1992,ኢየሱስ,26
1992,አምላክ,15
1992,አሰራሩ,12
1992,እኛስ,12
1992,ምክሩ,11
1992,አይሳሳትም,11
1992,ግሩ,11
1992,ፍፁም,11
1992,ምሥጋና,10
1992,ዘለዓለም,9
1992,የእግዚአብሄርስ,9
1992,ብዙ,8
1992,አደረገ,8
1992,እርሱ,8
1992,ክብር,8
1992,ሞት,7
1992,ከፍ,7
1992,ንገሥ,6
1992,ንጉሡ,6
1992,አምላካችን,6
1992,ላመስግነው,5
1992,ማህተሙን,5
1992,በል,5
1992,ተመለሱ,5
1992,ተነስቷል,5
1992,ኃይለኛ,5
1992,ኢየሩሳሌም,5
1992,እንዳንተ,5
1992,ይህን,5
1992,ድንቅ,5
1992,ፈታ,5
1992,መንገደኞች,4
1992,መዝሙሮች,4
1992,ምድር,4
1992,ተስፋ,4
1992,ናዝራዊው,4
1992,አምላኬ,4
1992,እጅግ,4
1992,ወዳጄ,4
1992,የኤማሆስ,4
1992,የጌታ,4
1992,ደቀ,4
1992,ገና,4
1992,ነበረ,3
1992,እንደዚህ,3
1992,እኛ,3
1992,ሁሌ,2
1992,ህይወት,2
1992,መከራ,2
1992,መዝገብ,2
1992,ሚቋቋመን,2
1992,ማኅተሙን,2
1992,ማነ,2
1992,ሞተ,2
1992,ሞገስ,2
1992,ሥማችንን,2
1992,ሰባት,2
1992,ሰይጣን,2
1992,በላይ,2
1992,ባርነት,2
1992,ተብሎ,2
1992,ታማኝ,2
1992,ታች,2
1992,ኃይል,2
1992,አሰበ,2
1992,አባታችን,2
1992,እናብባለን,2
1992,እናንተ,2
1992,እኔ,2
1992,እንለመልማለን,2
1992,እንሻገራለን,2
1992,እንደሰታለን,2
1992,እኮ,2
1992,ከአዕምሮ,2
1992,ዛሬ,2
1992,ዛፍ,2
1992,የናዝሬቱ,2
1992,ይዘን,2
1992,ይድረሰው,2
1992,ጊዜ,2
1992,ጋር,2
1992,ጻፈው,2
1992,ፊት,2
1992,ሁሉን,1
1992,ህዝብ,1
1992,ሆነ,1
1992,ሆናችሁ,1
1992,ሆኗል,1
1992,ለመለምን,1
1992,ለም,1
1992,ለቃችኋል,1
1992,ለካስ,1
1992,ለውጠሃል,1
1992,ለጐምክልን,1
1992,ሊውጠን,1
1992,ሊያከብረኝ,1
1992,ሊያጠፋ,1
1993,አንተን,9
1993,ነፍሴ,7
1993,ኢየሱስ,5
1993,አለ,4
1993,ምንጭ,3
1993,እንደምትናፍቅ,3
1993,ዋላ,3
1993,ውኃ,3
1993,ልጥና,2
1993,ኑሮ,2
1993,አትጨክንምና,2
1993,እንባ,2
1993,የለኝምና,2
1993,ደጅ,2
1993,ለቀሪውስ,1
1993,ሌሊቱ,1
1993,ሌሊት,1
1993,ልጅ,1
1993,መሆኑ,1
1993,መቼ,1
1993,መኖር,1
1993,መጠጊያ,1
1993,ምንም,1
1993,ምንድ,1
1993,ምድረ,1
1993,ሰው,1
1993,ሳትሰራልህ,1
1993,ስለዚ,1
1993,ቀንና,1
1993,በዳ,1
1993,ባስለመድከኝ,1
1993,ብሏል,1
1993,ተስፋ,1
1993,ተኝቷል,1
1993,ትርጉሟ,1
1993,ቶሎ,1
1993,አለቴ,1
1993,አምሯታል,1
1993,አባቴ,1
1993,አንተኑ,1
1993,አይሆንላት,1
1993,አደርግሃልሁ,1
1993,እመካብሃለሁ,1
1993,እስከ,1
1993,እተኛለሁ,1
1993,እውነተኛ,1
1993,እግዚአብሄር,1
1993,እጠብቅሃለሁ,1
1993,ከቃጠሎ,1
1993,ከዛ,1
1993,ካላገኘሁ,1
1993,ወደሃታል,1
1993,ወዳጅ,1
1993,ዘለዓለሙ,1
1993,የላት,1
1993,የታደካት,1
1993,ያሰጋታል,1
1993,ደርሰህላት,1
1993,ጉዞ,1
1993,ጋር,1
1993,ጐጆ,1
1993,ጣዕሟ,1
1993,ጭር,1
1993,ፈለገች,1
1993,ፊት,1
1993,ፍራ,1
1993,ሀማ,0
1993,ሀሜት,0
1993,ሀምሌ,0
1993,ሀረግ,0
1993,ሀሩር,0
1993,ሀሳብ,0
1993,ሀሴት,0
1993,ሀቅ,0
1993,ሀብት,0
1993,ሀኪም,0
1993,ሀዋሪያት,0
1993,ሀዋርያቱ,0
1993,ሀውልት,0
1993,ሀዘን,0
1993,ሀያ,0
1993,ሀያል,0
1993,ሀይ,0
1993,ሀይለኛና,0
1993,ሀይል,0
1993,ሀይቂዳጋ,0
1993,ሀይወታችን,0
1993,ሀይወትን,0
1993,ሀዲዱ,0
1993,ሀገሬ,0
1993,ሀገር,0
1993,ሀጌ,0
1993,ሀጥያት,0
1993,ሀፍረቴን,0
1993,ሀፍረት,0
1993,ሀፍረቷን,0
1993,ሁሁ,0
1993,ሁሁሁ,0
1993,ሁለ,0
1993,ሁለተኛ,0
1996,ኢየሱስ,211
1996,እኔ,47
1996,ችላ,40
1996,ህይወት,32
1996,ፍቅር,31
1996,ጌታን,24
1996,ልቤ,23
1996,መልካም,22
1996,እርሱ,22
1996,ዛሬ,21
1996,ላደረክልኝ,20
1996,ሰበረ,20
1996,ቀልድ,20
1996,አንበሳ,20
1996,ዝላዩ,20
1996,ይብቃ,20
1996,ሁሉን,18
1996,ልዩ,18
1996,ክብር,17
1996,ይሆናል,16
1996,ኑሮ,15
1996,መቼ,14
1996,ማለት,14
1996,ማነ,14
1996,ትቢያ,14
1996,አትበል,14
1996,ወንድሜ,14
1996,ድንቅ,14
1996,ጋር,14
1996,መች,13
1996,ከፍ,13
1996,ውስጤ,13
1996,ለአንተ,12
1996,ምስኪኑ,12
1996,ምንም,12
1996,በጣም,12
1996,ተዋደናል,12
1996,ተው,12
1996,ንጉሥ,12
1996,አንለያይ,12
1996,እኔስ,12
1996,ውለታ,12
1996,የአንተ,12
1996,ይሻላል,12
1996,እጅ,11
1996,ወዳጅ,11
1996,ወዴት,11
1996,ላላገኝ,10
1996,ልብ,10
1996,ልገልፀው,10
1996,መማረር,10
1996,መስማማት,10
1996,ሚመስለው,10
1996,ማኩረፍ,10
1996,ረዳኸኝ,10
1996,ሰጥቻለሁ,10
1996,ቀር,10
1996,ቀንበሬ,10
1996,በቀላሉ,10
1996,በዛብኝ,10
1996,ብሏል,10
1996,ተመሥገን,10
1996,ተማርኬያለሁ,10
1996,ተረትቻለሁ,10
1996,ተሸንፌያለሁ,10
1996,ተከተል,10
1996,ተከተይ,10
1996,ተይ,10
1996,ታዛዥ,10
1996,ነበረ,10
1996,አላውቅ,10
1996,አልችል,10
1996,አሸንፏል,10
1996,አትበይ,10
1996,አነሳኸኝ,10
1996,እህቴ,10
1996,እኛ,10
1996,እየሱሴ,10
1996,ውብ,10
1996,ዓለም,10
1996,የጌቶች,10
1996,ያዋጣል,10
1996,ይሁዳ,10
1996,ድንጋዩ,10
1996,ጊዜ,10
1996,ግዙፉ,10
1996,ጠጣሩ,10
1996,ጥሜ,10
1996,ፈቃድ,10
1996,ላይሆን,8
1996,ላይረካ,8
1996,ላይፈይደኝ,8
1996,ሚሆን,8
1996,ርቄ,8
1996,ቢሆን,8
1996,አላየሁኝ,8
1996,እሄዳለሁኝ,8
1996,ያከበረኝ,8
1996,ህይወቴ,7
1996,ሆነ,7
1997,ኢየሱስ,74
1997,እኔ,25
1997,ሆነ,21
1997,ችላ,20
1997,ጌታን,16
1997,ህይወት,12
1997,ነዉ,12
1997,ኑሮ,11
1997,ቀልድ,10
1997,ዝላዩ,10
1997,ይብቃ,10
1997,ፍቅሩ,10
1997,ሃዘኔ,8
1997,ምህረቱ,8
1997,አለ,8
1997,አምላኬ,8
1997,ሰላም,7
1997,አትበል,7
1997,ወንድሜ,7
1997,ልማፀነው,6
1997,በኔ,6
1997,ብርሃን,6
1997,ብርታት,6
1997,ተረድቻለው,6
1997,ተው,6
1997,አልፎ,6
1997,አየሁኝ,6
1997,እረሳሁት,6
1997,ይሻለኛል,6
1997,ጨለማ,6
1997,ሁልግዜ,5
1997,ለም,5
1997,ልንከስ,5
1997,ማርኮኛል,5
1997,ምንም,5
1997,ሰምቶ,5
1997,ስጋዬ,5
1997,ባርከዋለው,5
1997,ባይገባኝ,5
1997,ብዙ,5
1997,ተማርኬያለው,5
1997,ተከተል,5
1997,ተከተይ,5
1997,ተይ,5
1997,አሁ,5
1997,አልሰለችም,5
1997,አትበይ,5
1997,አይጥለኝ,5
1997,አግኝቻለው,5
1997,እህቴ,5
1997,እርሱ,5
1997,እስኪመልሰው,5
1997,እጠብቀዋለሁ,5
1997,ዘገየ,5
1997,የለ,5
1997,ይህን,5
1997,ፀሎቴ,5
1997,ፈፅሞ,5
1997,ሀዘን,4
1997,ሁሉን,4
1997,ልመለስ,4
1997,አባቴ,4
1997,እግዚአብሄር,4
1997,ዓለም,4
1997,የአንተ,4
1997,ያስጨነቀኝ,4
1997,ጋር,4
1997,ላላተርፍ,3
1997,ልብ,3
1997,መጥቶ,3
1997,ማይሆን,3
1997,ምህረት,3
1997,ሞልቶ,3
1997,ሞት,3
1997,ረድኤቴ,3
1997,ሰው,3
1997,ቀድሞ,3
1997,በዝቶ,3
1997,ቤቴ,3
1997,ተረዳሁ,3
1997,ተጎዳሁ,3
1997,ቸሩ,3
1997,አራቅቶኛል,3
1997,አንገፍግፎኛል,3
1997,እዚ,3
1997,ዛሬ,3
1997,ያለሱማ,3
1997,ይመቸኛል,3
1997,ይብቃኝ,3
1997,ደስታ,3
1997,ፊቱ,3
1997,ሀብት,2
1997,ህይወቴ,2
1997,ሆኗል,2
1997,ሆኜ,2
1997,ለውጠህ,2
1997,ልኖር,2
1997,ልከተለው,2
1997,መላ,2
1997,መቆሜ,2
1998,ኢየሱስ,38
1998,ብዙ,33
1998,እግዚአብሄር,27
1998,ድንቅ,21
1998,እኔ,16
1998,ለአንተ,12
1998,ልዩ,12
1998,ተነስቷል,11
1998,ህያው,9
1998,አለ,9
1998,እኛ,8
1998,ዘላለም,8
1998,ፈውስ,8
1998,ህይወት,6
1998,ለካ,6
1998,ምሥጋና,6
1998,ምሮኛል,6
1998,ሞተ,6
1998,አያቅትህም,6
1998,አይሳንህም,6
1998,ከፍታ,6
1998,ዝማሬ,6
1998,ፊቱ,6
1998,ሃሌሉያ,5
1998,ለሞተው,5
1998,ለኛ,5
1998,ማንም,5
1998,ሲነካ,5
1998,በላይ,5
1998,በሩ,5
1998,ተወጋ,5
1998,ትቶ,5
1998,ነገሬ,5
1998,ነፍስ,5
1998,አልቀረም,5
1998,አከብረዋለሁ,5
1998,አከብራለሁ,5
1998,አደረገ,5
1998,እቀርባለሁ,5
1998,እይኖቼ,5
1998,እጆቼ,5
1998,ክንዱ,5
1998,ወደዋለሁ,5
1998,ዘርቷል,5
1998,ያደረገ,5
1998,ጌታን,5
1998,ጐኑ,5
1998,ሁሉን,4
1998,ልቡ,4
1998,ምሥጋናችን,4
1998,ሰማይ,4
1998,ሰው,4
1998,ስላየሁ,4
1998,ባይኖቸ,4
1998,አወራለሁ,4
1998,እመሰክራለሁ,4
1998,እርሱ,4
1998,እንደተናገረ,4
1998,ክብር,4
1998,ዘምራለሁ,4
1998,ይሄ,4
1998,ጠላቴ,4
1998,ሆነ,3
1998,ሆኖ,3
1998,ላለ,3
1998,ሌለ,3
1998,ማነ,3
1998,ምድር,3
1998,ሥልጣኑ,3
1998,ሰበረ,3
1998,ሱስ,3
1998,ስሙ,3
1998,ተስፋ,3
1998,አምላክ,3
1998,አረ,3
1998,እጅግ,3
1998,ከፍ,3
1998,የኛ,3
1998,ፈርኦን,3
1998,ሃዘናችን,2
1998,ሆኗል,2
1998,ልዑል,2
1998,ልጅ,2
1998,መከራ,2
1998,መከራችን,2
1998,ምህረቱ,2
1998,ሞገስ,2
1998,ረዳት,2
1998,ስልጣኑ,2
1998,ስራ,2
1998,ስንል,2
1998,ቀኝ,2
1998,ቁጣ,2
1998,ቃሉ,2
1998,ቃል,2
1998,በባዕድ,2
1998,በኛ,2
1998,በከፍታዎች,2
1998,ባህሩ,2
1998,ብርቱ,2
1999,ኢየሱስ,75
1999,እኔ,34
1999,እርሱ,33
1999,ሁልግዜ,27
1999,አምላኬ,26
1999,ነዉ,24
1999,ህይወቴ,20
1999,ያደረገ,18
1999,ይለኛል,18
1999,ፍቅሩ,18
1999,ምህረቱ,17
1999,ድንቅ,16
1999,ኃያል,15
1999,ደስ,14
1999,በላይ,13
1999,ጌታን,13
1999,መልካም,12
1999,ማወቄ,12
1999,ወዳጄ,12
1999,መች,11
1999,ፍቅር,11
1999,ማዳን,10
1999,ነፍሴ,10
1999,አቁሞኛል,10
1999,አይቻለሁ,10
1999,ምህረት,9
1999,ሰላም,9
1999,ዝም,9
1999,ሁሌ,8
1999,ልቤ,8
1999,መድኃኒቴ,8
1999,ያስደንቀኛል,8
1999,ያስገርመኛል,8
1999,አመስግን,7
1999,ሁሉን,6
1999,ማነ,6
1999,ማንም,6
1999,ምድራችን,6
1999,ሥራ,6
1999,እንዳንተ,6
1999,ዘለዓለም,6
1999,ይገርመኛል,6
1999,ፊት,6
1999,ህጻንነቴ,5
1999,ሆኖ,5
1999,ላመስግነው,5
1999,ላንሳ,5
1999,ላክብር,5
1999,ሌለ,5
1999,ልብ,5
1999,ሚያደርግ,5
1999,ምሥጋና,5
1999,ምሥጋናዬ,5
1999,ስትመራኝ,5
1999,በዛ,5
1999,ብቻውን,5
1999,ተቀበለ,5
1999,ተዓምር,5
1999,ቸርነት,5
1999,አስታውሳለሁ,5
1999,አቻ,5
1999,እረሳሁ,5
1999,እጅግ,5
1999,እጆቼ,5
1999,ክብር,5
1999,ወርቅ,5
1999,ዘነጋሁ,5
1999,የሚሠራ,5
1999,የቱ,5
1999,ያሰኛል,5
1999,ጀምሮ,5
1999,ጉልበቴ,5
1999,ጥበብ,5
1999,ሁሉም,4
1999,ህይወት,4
1999,ለም,4
1999,ላመልከው,4
1999,ላመስግን,4
1999,ልባርከ,4
1999,ልገዛልህ,4
1999,መቼ,4
1999,መከታ,4
1999,ሚስጢር,4
1999,ማለዳ,4
1999,ማወቁ,4
1999,ሞኝነቱ,4
1999,ሞኝነት,4
1999,ሥም,4
1999,ሲለኝ,4
1999,ቀምሼ,4
1999,በልጦብኝ,4
1999,በዝቶ,4
1999,ብዙ,4
1999,ተመችቶኝ,4
1999,ተማርካ,4
1999,ተረድታ,4
1999,ተስፋ,4
1999,ተከተልኩት,4
1999,ተገልጦ,4
1999,ታዲያ,4
2000,ኢየሱስ,292
2000,ሰው,96
2000,እኔ,78
2000,ፍቅር,72
2000,አምላኬ,64
2000,በላይ,46
2000,እርሱ,44
2000,እግዚአብሄር,44
2000,ክብር,40
2000,ደረሰበት,40
2000,መልካም,38
2000,እውነት,38
2000,አንተን,36
2000,ይመጣል,36
2000,ታደርጋለህ,34
2000,ብዙ,32
2000,እንዳንተ,32
2000,ድል,32
2000,ይድረስ,30
2000,ልብ,28
2000,ማንም,28
2000,ስራ,26
2000,አባት,26
2000,ዝም,26
2000,ልቤ,24
2000,ምስጋና,24
2000,ምድር,24
2000,ብቸኛ,24
2000,ኑሮ,22
2000,ንጉስ,22
2000,እወድሃለሁ,22
2000,ዘላለም,22
2000,ያሰበ,22
2000,ተበላሸበት,20
2000,አማላጄ,20
2000,ከቶ,20
2000,ያቀደው,20
2000,አንተው,18
2000,እንኳ,18
2000,ወዳጅ,18
2000,ዛሬ,18
2000,ይሄ,18
2000,መኖር,16
2000,ቅዱስ,16
2000,አዳኝ,16
2000,ደረሰ,16
2000,ደግሞ,16
2000,ድንቅ,16
2000,ገባ,16
2000,መልስ,14
2000,ምስጋናዬ,14
2000,ቀር,14
2000,ቀን,14
2000,አሁ,14
2000,አምላክ,14
2000,አምልኮዬ,14
2000,እኛ,14
2000,እውነተኛ,14
2000,እጅ,14
2000,ውስጤ,14
2000,የአንተ,14
2000,ዲያቢሎስ,14
2000,ፊት,14
2000,ሆነ,12
2000,ሆንኩኝ,12
2000,ሆኛለሁ,12
2000,ልዑል,12
2000,መክበሩ,12
2000,ምህረት,12
2000,ሰይጣን,12
2000,ሲኦል,12
2000,ቀጥሯል,12
2000,ቁጣ,12
2000,ቆመ,12
2000,ተለውጧል,12
2000,ተወራ,12
2000,ታሪኬ,12
2000,አልነበረ,12
2000,አምላኩ,12
2000,አበባ,12
2000,አይኖር,12
2000,አግኝቼ,12
2000,እነሳለሁ,12
2000,እያየ,12
2000,እግሩ,12
2000,ከንቱ,12
2000,ወደድከኝ,12
2000,ውስጥ,12
2000,ዘለዓለም,12
2000,የለኝ,12
2000,ያያሉ,12
2000,ያጣፍጣል,12
2000,ይባረክ,12
2000,ይኖራል,12
2000,ይዞ,12
2000,ጌታን,12
2000,ህይወቴ,10
2000,ለችግረኞች,10
2000,ልጅ,10
2000,መሸነጋገል,10
2001,ኢየሱስ,128
2001,ሃሌሉያ,78
2001,ለአንተ,56
2001,ምሥጋና,48
2001,አመሰግንሃለሁ,48
2001,ክብር,44
2001,እኔ,34
2001,አቤቱ,32
2001,ምህረቱ,30
2001,ከፍ,28
2001,ብዙ,26
2001,ዘለዓለም,26
2001,ሲያንስ,24
2001,እያደነቀ,24
2001,እግዚአብሄር,24
2001,አምላክ,22
2001,አለ,20
2001,አከብራለሁ,20
2001,መልካም,18
2001,ታላቅነት,18
2001,አመሰግንሃለው,18
2001,እውነት,18
2001,ለሌለህ,16
2001,ሥሙ,16
2001,ሥራ,16
2001,ቆጥሬ,16
2001,በየዕለቱ,16
2001,ተመስገን,16
2001,ተስፋ,16
2001,ተናግሬ,16
2001,ነህና,16
2001,ነውና,16
2001,ነፍስ,16
2001,አልቀረልኝ,16
2001,አልጨርሰው,16
2001,አቻ,16
2001,አንተን,16
2001,አይቼ,16
2001,ኢኸው,16
2001,ያደረገ,16
2001,ደስ,16
2001,ጋራ,16
2001,ልቤ,14
2001,ምድር,14
2001,ነፍሴ,14
2001,ውስጥ,14
2001,ማዳኑ,12
2001,ቀኑ,12
2001,በላይ,12
2001,በል,12
2001,ታዲያ,12
2001,አልረሳ,12
2001,አልዘነጋውም,12
2001,አመልከዋለሁኝ,12
2001,አምላኬ,12
2001,አበዛለሁ,12
2001,አደረከው,12
2001,አፈለቀ,12
2001,እላለሁ,12
2001,እንዲሁ,12
2001,ውበት,12
2001,ዝማሬ,12
2001,ይለኛል,12
2001,ይገባ,12
2001,ገናና,12
2001,ምሥጋናዬ,10
2001,ተቀበለ,10
2001,ነገርን,10
2001,አምልኮ,10
2001,ክበር,10
2001,ሁሉን,8
2001,ለሚያዘግም,8
2001,ላመሰግንህ,8
2001,መሪ,8
2001,መቼ,8
2001,መንፈስ,8
2001,ማመልከው,8
2001,ሞገስ,8
2001,ሰው,8
2001,ቆርጦ,8
2001,ብቻህን,8
2001,ታላቅ,8
2001,አመልክሃለሁ,8
2001,አሜን,8
2001,አትቁረጥ,8
2001,አንደበቴ,8
2001,አዲስ,8
2001,እቅፉ,8
2001,እከፍታለሁ,8
2001,እጅግ,8
2001,ከቶ,8
2001,ዘላለም,8
2001,ዘመኔ,8
2001,የለ,8
2001,ያማረ,8
2001,ይኸ,8
2001,ደስታ,8
2001,ጉያ,8
2001,ግባ,8
2001,ጥንት,8
2002,ኢየሱስ,210
2002,እኔ,78
2002,እግዚአብሄር,61
2002,በላይ,60
2002,ከፍ,47
2002,ምሥጋና,46
2002,ሰው,43
2002,ምድር,32
2002,ሰራዊት,32
2002,ግርማ,32
2002,ሃሌሉያ,30
2002,እርሱ,28
2002,ይሄ,28
2002,በል,25
2002,ማደሪያ,24
2002,ምህረት,24
2002,ምሥጋናዬና,24
2002,አምልኮዬ,24
2002,አንተን,24
2002,ክብር,24
2002,ልቤ,23
2002,ስራ,22
2002,ከሁሉ,22
2002,አለፈላት,21
2002,ማነ,20
2002,ብዛት,20
2002,ተመስገን,20
2002,አትወሰንም,20
2002,ዘወትር,20
2002,ሥራ,19
2002,ቅኔ,19
2002,ክበር,19
2002,ስም,18
2002,ጉድ,18
2002,ፊቱ,18
2002,እቀኛለሁ,17
2002,ይታመናል,17
2002,ሞገስ,16
2002,ቃላት,16
2002,ንገስ,16
2002,አለ,16
2002,አንጐራጉራለሁ,16
2002,እኮ,16
2002,ይግባ,16
2002,ጥበብ,16
2002,ቤት,15
2002,ሆነ,14
2002,አምላኬ,14
2002,ይሆናል,14
2002,ድምጼ,14
2002,ቀን,13
2002,አምላክ,13
2002,ዛሬ,13
2002,ልባርክ,12
2002,መሠረቴ,12
2002,መኖሬ,12
2002,እላለሁ,12
2002,እጅግ,12
2002,ዓይነት,12
2002,ሁሉም,11
2002,ሥም,11
2002,አቻ,11
2002,አፌ,11
2002,ኢትዮጵያ,11
2002,ፈላባት,11
2002,ፊት,11
2002,ሁሌ,10
2002,ልባርከ,10
2002,መምሰል,10
2002,መሠረት,10
2002,መጣ,10
2002,ስፋት,10
2002,አላመልክም,10
2002,አልቆጥብም,10
2002,አተገመትም,10
2002,አትገመትም,10
2002,አእምሮ,10
2002,አይረሳ,10
2002,አድርጌ,10
2002,እላለው,10
2002,እያየሁ,10
2002,እጅ,10
2002,ያለው,10
2002,ደግሞ,10
2002,ጠቢባን,10
2002,ሁልግዜ,9
2002,ህይወት,9
2002,ለህ,9
2002,ሌላው,9
2002,መጣላት,9
2002,ምህረቱ,9
2002,ምንም,9
2002,ቀር,9
2002,ቃል,9
2002,በዝቶ,9
2002,ተባረክ,9
2002,ችግር,9
2002,እኛ,9
2002,ህይወቴ,8
2002,ልጅ,8
2003,ኢየሱስ,553
2003,እኔ,278
2003,አምላኬ,120
2003,ፍቅር,115
2003,ክብር,111
2003,እግዚአብሄር,105
2003,አለ,97
2003,እርሱ,85
2003,ሰው,73
2003,ፋሬስ,66
2003,ስራ,63
2003,ነፍሴ,63
2003,ዳኛ,62
2003,ማነ,61
2003,በላይ,58
2003,እንዳንተ,57
2003,ለካ,56
2003,አላማዬ,55
2003,ጉድ,52
2003,እኮ,51
2003,አምላክ,50
2003,ቃል,47
2003,ያኔ,47
2003,ሰማይ,45
2003,ገና,45
2003,ያለው,44
2003,መቃብር,43
2003,ልቤ,41
2003,ምሥጋና,41
2003,ምድር,40
2003,ሥም,40
2003,ወዳጅ,40
2003,የት,40
2003,የአንተ,40
2003,ይሄ,40
2003,በዛ,39
2003,እድል,38
2003,አንተን,36
2003,ክበር,36
2003,ፋንታዬ,36
2003,ምህረት,35
2003,አለኝ,34
2003,ኢትዮጵያ,34
2003,ብዙ,33
2003,እምቢ,33
2003,እጅግ,33
2003,ከፍ,33
2003,ስላላየሁ,32
2003,ዛሬ,32
2003,ተመስገን,31
2003,ቃሉ,30
2003,ዓለም,30
2003,ደስ,30
2003,ድንቅ,30
2003,ጋራ,30
2003,ሁሉም,29
2003,ከቶ,29
2003,ላውራ,28
2003,ጥሰህ,28
2003,ተስፋ,27
2003,ዘለዓለም,27
2003,ፍቅሩ,27
2003,ህይወት,26
2003,እውነተኛ,26
2003,አደረገ,25
2003,ትልሃለች,24
2003,አመለጥኩት,24
2003,ኩራት,24
2003,ውጣ,24
2003,ጠላቴ,24
2003,ቁጥር,23
2003,እንደአንተ,23
2003,ውስጥ,23
2003,ዜማ,22
2003,ደግሞ,22
2003,ሆነ,21
2003,ሞት,21
2003,አባት,21
2003,አእምሮ,20
2003,እስከ,20
2003,እኔስ,20
2003,ወዳጄ,20
2003,ድል,20
2003,ልዩ,19
2003,ሞተ,19
2003,ይገኛል,19
2003,ለአንተ,18
2003,ማንም,18
2003,ምላስ,18
2003,ሥራ,18
2003,ሳይ,18
2003,ቋንቋ,18
2003,በዚህ,18
2003,ቢሰማ,18
2003,እጁ,18
2003,ክብሩ,18
2003,ይገርማል,18
2003,ምነው,17
2003,ቤት,17
2003,ውዴ,17
2004,ኢየሱስ,842
2004,እኔ,307
2004,እርሱ,133
2004,እግዚአብሄር,129
2004,ሃሌሉያ,128
2004,በላይ,117
2004,ሰው,84
2004,ምሥጋና,81
2004,አምላኬ,79
2004,ዛሬ,73
2004,ልቤ,61
2004,አንተን,60
2004,ሞት,59
2004,ቀን,58
2004,ቃል,58
2004,ሁሉን,56
2004,ክብር,55
2004,ሆነ,53
2004,ከፍ,53
2004,ምሥጋናዬ,52
2004,ዘለዓለም,52
2004,ታላቅ,51
2004,ጠላት,51
2004,እልፍ,49
2004,ፍቅር,48
2004,ምድር,47
2004,ደስ,47
2004,ሰማይ,45
2004,ህይወት,44
2004,ደስታ,44
2004,ነፍሴ,43
2004,ይሄ,43
2004,ከቶ,42
2004,አምላክ,41
2004,ማነ,40
2004,ሥም,40
2004,ብዙ,40
2004,እላለሁ,39
2004,ለአንተ,38
2004,አለ,38
2004,መድህኔ,37
2004,ገና,37
2004,ብሷል,36
2004,ክፉ,36
2004,ወይ,35
2004,ህይወቴ,34
2004,መልካም,34
2004,ሁልግዜ,33
2004,ተዋጊ,33
2004,ጌታን,33
2004,ሁሌ,32
2004,በል,32
2004,ተስፋ,32
2004,እፈር,32
2004,መች,31
2004,እወድሃለሁ,30
2004,ጊዜ,30
2004,ጠላቴ,30
2004,ፈቀቅ,30
2004,ፊቱ,29
2004,ተመስገን,28
2004,ያውቃል,28
2004,አለኝ,27
2004,እንዲ,27
2004,የት,27
2004,እይዛለሁ,26
2004,የለምና,26
2004,እኮ,25
2004,ውዴ,25
2004,ፊቴ,25
2004,ማንም,24
2004,አምልጥ,24
2004,ዝም,24
2004,ደግሜ,24
2004,ፍቅሩ,24
2004,ሆኖ,23
2004,ማታ,23
2004,አልፈራ,23
2004,እውነት,23
2004,ዓለም,23
2004,የለ,23
2004,ለኔ,22
2004,ምንም,22
2004,አሜን,22
2004,እስኪ,22
2004,ዘወትር,22
2004,ያው,22
2004,ደረሰ,22
2004,ፍጥረት,22
2004,ብርታት,21
2004,ታማኝ,21
2004,ታዲያ,21
2004,አንተው,21
2004,እኔስ,21
2004,ውለታ,21
2004,ይላል,21
2004,ልበል,20
2004,መቼ,20
2004,ቀና,20
2004,ቁጣ,20
2005,ኢየሱስ,1615
2005,እኔ,707
2005,እርሱ,349
2005,እግዚአብሄር,297
2005,በላይ,243
2005,ሰው,202
2005,ክብር,192
2005,አምላኬ,167
2005,አለ,147
2005,አንተን,140
2005,ዛሬ,138
2005,ልቤ,137
2005,አምላክ,135
2005,ማነ,131
2005,ፍቅር,118
2005,እኮ,111
2005,ጋር,107
2005,ሥም,103
2005,ገና,103
2005,ምድር,101
2005,ቀን,99
2005,አባት,96
2005,ብዙ,94
2005,ደስታ,84
2005,ነፍሴ,82
2005,አለኝ,80
2005,ሁሉን,79
2005,ህይወት,79
2005,ከሁሉ,79
2005,ዘለዓለም,78
2005,አዎ,76
2005,ሆነ,75
2005,እኔስ,74
2005,ለአንተ,70
2005,ሞት,70
2005,ዘላለም,68
2005,እጅግ,67
2005,ከፍ,64
2005,ይሄ,64
2005,ሰማይ,63
2005,አንድ,63
2005,እንዳንተ,63
2005,የአንተ,62
2005,ማውቀው,61
2005,ምህረቱ,61
2005,ዓለም,61
2005,ያው,61
2005,ጠላቴ,61
2005,ፊት,61
2005,ሌለ,60
2005,ሥራ,60
2005,ያለው,59
2005,ያደረገ,58
2005,ሙሉ,57
2005,ፍቅሩ,57
2005,ሁሉም,55
2005,መልካም,55
2005,እጄ,55
2005,ስሙ,54
2005,እስቲ,54
2005,ከለለኝ,54
2005,ውስጥ,54
2005,ህይወቴ,53
2005,ተመስገን,53
2005,ነገ,52
2005,ይብዛ,52
2005,ጊዜ,52
2005,ጨለማ,52
2005,ቃል,51
2005,ወይ,51
2005,ሃሌሉያ,50
2005,እውነት,50
2005,ልጅ,49
2005,ተስፋ,49
2005,እንዲ,49
2005,ይለኛል,49
2005,ጠላት,49
2005,ድንቅ,48
2005,እያለ,47
2005,ከንቱ,47
2005,ለኔ,46
2005,ላመስግነው,45
2005,አረገ,45
2005,ከቶ,45
2005,ልዩ,44
2005,ምሥጋና,44
2005,ውለታ,44
2005,ዘመኔ,44
2005,ንጉሥ,43
2005,እያየሁ,43
2005,ወዳጅ,43
2005,ይልቅ,43
2005,ጌታን,43
2005,ምድረ,42
2005,በዳ,42
2005,ቤት,42
2005,ድል,42
2005,ስም,41
2005,ውለታዬ,41
2005,ደስ,41
2006,ኢየሱስ,1357
2006,እኔ,572
2006,እግዚአብሄር,300
2006,እርሱ,249
2006,ልቤ,185
2006,ፍቅር,176
2006,ምሥጋና,169
2006,ዘለዓለም,165
2006,አለ,160
2006,አምላኬ,156
2006,ደግ,142
2006,ክብር,139
2006,በላይ,127
2006,ሰው,123
2006,አረገ,120
2006,አንተን,114
2006,መልካም,98
2006,ብዙ,89
2006,ይሄ,86
2006,ፊቱ,82
2006,ዛሬ,81
2006,ቀር,79
2006,ፊት,76
2006,ተባረክ,74
2006,አላማ,73
2006,ጋር,71
2006,ህይወት,69
2006,ሞት,66
2006,ፀጋ,64
2006,ቃል,63
2006,ለአንተ,62
2006,ምድር,62
2006,አምላክ,62
2006,ሆነ,60
2006,አያለሁ,55
2006,ገረመኝ,54
2006,ጊዜ,53
2006,ህይወቴ,51
2006,ሁሌ,50
2006,ምህረቱ,50
2006,በጐ,50
2006,ከፍ,50
2006,ይሄውና,50
2006,ደስታ,50
2006,ለጌታ,49
2006,ስማ,48
2006,ጋራ,48
2006,ቤት,47
2006,ፍቅሩ,47
2006,በለው,46
2006,ምህረት,45
2006,ሁሉን,44
2006,ማንም,44
2006,አለኝ,44
2006,እኮ,44
2006,ጉልበቴ,44
2006,ብርቱ,43
2006,ነፍሴ,43
2006,ድል,43
2006,ጠላቴ,43
2006,ልዩ,42
2006,በል,42
2006,አልፈልግም,42
2006,እንዲ,42
2006,እጅግ,42
2006,ከቶ,42
2006,እንኳ,41
2006,እኛ,41
2006,ይህን,41
2006,ማነ,40
2006,ሠማይ,40
2006,ትዝ,40
2006,አውቃለሁ,40
2006,አድርጐ,40
2006,እስቲ,40
2006,ዓለም,40
2006,ቀን,39
2006,እውነት,39
2006,ማንን,38
2006,ነውና,38
2006,የለኝ,38
2006,ይለኛል,38
2006,ድንቅ,38
2006,አየሁ,37
2006,ክበር,37
2006,ዝማሬ,37
2006,ያለው,37
2006,ገና,36
2006,ማለዳ,34
2006,ምንም,34
2006,ሥራ,34
2006,የአንተ,34
2006,ያለኝ,34
2006,ይመጣል,34
2006,ተስፋ,33
2006,እጅ,33
2006,ይገባ,33
2006,ሌለ,32
2006,ሌላው,32
2006,ኃይል,32
2007,ኢየሱስ,997
2007,እኔ,347
2007,አለ,218
2007,አለኝ,182
2007,እግዚአብሄር,174
2007,ቃል,150
2007,አምላክ,125
2007,እርሱ,123
2007,ክብር,99
2007,አምላኬ,97
2007,ዛሬ,89
2007,በላይ,87
2007,ሰው,86
2007,አሜን,84
2007,ምድር,81
2007,ልቤ,76
2007,እኮ,72
2007,ድል,72
2007,ሁሉን,68
2007,ማነ,68
2007,ጊዜ,58
2007,ፍቅር,57
2007,ሁሌ,54
2007,ጀግና,51
2007,ብዙ,50
2007,አንተን,48
2007,ይወራ,48
2007,ጠላቴ,48
2007,ሞት,47
2007,ፊት,47
2007,ነፍሴ,44
2007,ያለው,44
2007,ቀን,43
2007,ይላል,43
2007,ሁሉም,41
2007,ዕልልታ,41
2007,ለአንተ,40
2007,እረኛ,40
2007,የት,40
2007,ደስ,40
2007,ሆነ,39
2007,ማታ,38
2007,ሰማይ,38
2007,ጌታን,38
2007,ህይወቴ,37
2007,ይለኛል,36
2007,አባት,34
2007,አዲስ,33
2007,ገና,33
2007,አንዴ,32
2007,እዘምራለሁ,32
2007,ክንድ,32
2007,ቤት,31
2007,ዘመን,31
2007,ደግሞ,31
2007,ልበል,30
2007,መንፈስ,30
2007,እላለሁ,30
2007,እርሱማ,30
2007,ይሄ,30
2007,ቃሉ,29
2007,ትልቅ,29
2007,አያለሁ,29
2007,ያልፋል,29
2007,ይህን,29
2007,ሃሌሉያ,28
2007,ምህረት,28
2007,አንድ,28
2007,እኔስ,28
2007,ፀጋ,28
2007,ወይ,27
2007,ውለታ,27
2007,ከፍ,26
2007,መቼ,25
2007,ሥም,25
2007,እስቲ,25
2007,እንዲ,25
2007,ክብሩ,25
2007,ዘለዓለም,25
2007,ዝና,25
2007,ጋር,25
2007,ልዩ,24
2007,ሥራ,24
2007,ባለ,24
2007,እናመስግነው,24
2007,ውኃ,24
2007,ዓይኔ,24
2007,ይመለክ,24
2007,ድምጽ,24
2007,ፍቅሩ,24
2007,ሚታይ,23
2007,ስሙ,23
2007,ክፉ,23
2007,ሆኖ,22
2007,አንተማ,22
2007,እኛ,22
2007,ወንጌል,22
2007,ዓለም,22
2007,ጠባቂ,22
2007,ህይወት,21
2008,ኢየሱስ,987
2008,እኔ,472
2008,እግዚአብሄር,227
2008,ዛሬ,186
2008,እርሱ,181
2008,አምላኬ,161
2008,አለ,157
2008,ቃል,142
2008,ማነ,132
2008,ኃይል,122
2008,ልቤ,101
2008,ተስፋ,101
2008,አምላክ,100
2008,ጋራ,100
2008,ዘለዓለም,96
2008,ፍቅር,92
2008,አለኝ,90
2008,ከፍ,90
2008,ህይወት,85
2008,መልካም,84
2008,ምሥጋና,82
2008,ብዙ,76
2008,ዘምር,76
2008,ተራራ,69
2008,ደስ,67
2008,ግሩ,67
2008,ነጋ,64
2008,ክብር,64
2008,ያለው,63
2008,ቅዱስ,61
2008,ይኽው,60
2008,ምህረቱ,59
2008,ሰው,58
2008,ጋር,58
2008,ሰላም,54
2008,ሳቅ,54
2008,እራሴ,54
2008,ምድር,53
2008,ስራ,52
2008,ይመጣል,52
2008,አንተን,51
2008,ስገረም,50
2008,ኃይለኛ,50
2008,በላይ,49
2008,ወዳጅ,48
2008,ፊት,48
2008,ዘመኔ,46
2008,ሁሉን,45
2008,ታላቅ,45
2008,ስጠኝ,44
2008,ድንቅ,44
2008,ጉልበታም,44
2008,ፍቅሩ,44
2008,ሁልግዜ,43
2008,አንደኛ,42
2008,ላዬ,38
2008,ገና,38
2008,ገናና,38
2008,ይለኛል,37
2008,ድንገት,37
2008,ሌሊቱ,36
2008,አዲስ,36
2008,ከቶ,36
2008,የት,36
2008,ጊዜ,36
2008,ህይወቴ,34
2008,ቀን,34
2008,ታምር,34
2008,ሆነ,32
2008,ሞት,32
2008,ስለዚ,32
2008,ተነሳ,32
2008,አስፈልገዋለው,32
2008,አየሁ,32
2008,ህልሜ,30
2008,ማየቴ,30
2008,ምህረት,30
2008,ተስኖት,30
2008,ነህና,30
2008,ንጉሤ,30
2008,ንጉሥ,30
2008,አይቻለሁ,30
2008,እምነት,30
2008,እገባለሁ,30
2008,ያልከው,30
2008,ሆኖ,29
2008,ቤት,29
2008,ማደሪያ,28
2008,ምንድ,28
2008,ተቀምጦ,28
2008,ነፍሴ,28
2008,እሰጣለሁ,28
2008,ይሆናል,28
2008,ምንም,27
2008,ሰማይ,27
2008,እያለ,27
2008,ፍጥረት,27
2008,ሁሌ,26
2008,ሃያል,26
2008,ቃሉ,26
2009,ኢየሱስ,622
2009,እኔ,284
2009,ብዙ,151
2009,ሰው,124
2009,እግዚአብሄር,104
2009,አነሰ,100
2009,ውለታ,100
2009,ፍቅር,98
2009,ላመስግነው,90
2009,እኔስ,85
2009,እርሱ,82
2009,እኔማ,76
2009,አንተን,71
2009,ዛሬ,67
2009,ልቤ,65
2009,አምላክ,64
2009,ክብር,58
2009,ጠላቴ,58
2009,ነፍሴ,57
2009,አለ,57
2009,ቀን,54
2009,አለኝ,52
2009,አላየሁ,50
2009,አባት,48
2009,ልበል,46
2009,ምሥጋና,46
2009,ተዉኝ,46
2009,አይረሳ,46
2009,እጅግ,44
2009,ዓለም,43
2009,ገና,43
2009,ዘመን,42
2009,ሥም,41
2009,ሞት,39
2009,ሥራ,38
2009,ቤት,36
2009,እሆናለሁ,36
2009,ደስ,36
2009,ክፉ,35
2009,ልጅ,34
2009,ተነስ,34
2009,አንደኛዬ,34
2009,ውስጤ,34
2009,በላይ,33
2009,አንተማ,33
2009,ድል,33
2009,ጠላት,33
2009,ስላለኝ,32
2009,አምላኬ,32
2009,እናምናለን,32
2009,ህይወት,31
2009,ምህረት,31
2009,ተስፋ,31
2009,እኛ,31
2009,የለኝ,31
2009,ሁሉን,30
2009,ለኔ,30
2009,ሰላም,30
2009,ወዴት,30
2009,ሆነ,29
2009,መች,29
2009,ልዘምር,28
2009,አንደኛ,28
2009,ፊት,28
2009,መንገዴ,26
2009,አደራ,26
2009,ይበል,26
2009,ግራ,26
2009,መቼ,25
2009,በዛ,25
2009,ወንጌል,25
2009,ዘለዓለም,25
2009,ሲጠበቅ,24
2009,በዛብኝ,24
2009,አይጥልም,24
2009,ያለኸው,24
2009,ፍታ,24
2009,ህይወቴ,23
2009,ሌለ,23
2009,ማነ,23
2009,ዝማሬ,23
2009,ማምለጫ,22
2009,ተራ,22
2009,ታማኝነቱ,22
2009,አይችል,22
2009,ዝም,22
2009,ጊዜ,22
2009,ማንም,21
2009,ቀረ,21
2009,አዲስ,21
2009,ያኔ,21
2009,ይሄ,21
2009,ልናገር,20
2009,ሲታሰብ,20
2009,ቃል,20
2009,አትበሉኝ,20
2009,አትተወኝ,20
2009,አዎ,20
2009,እናያለን,20
2009,ጋራ,20
2010,ኢየሱስ,1112
2010,እኔ,463
2010,እግዚአብሄር,314
2010,አለ,204
2010,አለኝ,189
2010,ሰው,186
2010,እርሱ,186
2010,ክብር,169
2010,ዛሬ,154
2010,ገና,141
2010,ምድር,126
2010,አምላኬ,122
2010,ጋር,115
2010,ልቤ,114
2010,ሰላም,109
2010,ቃል,101
2010,ማነ,99
2010,አምላክ,98
2010,ፍቅር,93
2010,ሞት,92
2010,ጊዜ,88
2010,ምሥጋና,87
2010,ሰማይ,87
2010,አንተን,87
2010,እኔስ,87
2010,ብዙ,85
2010,እኛ,85
2010,ህይወት,80
2010,ነፍሴ,80
2010,ህይወቴ,79
2010,በላይ,78
2010,አንድ,77
2010,ዓለም,77
2010,ተስፋ,71
2010,ምንም,68
2010,ሁሉን,67
2010,ልጅ,67
2010,ቅዱስ,65
2010,ዝም,62
2010,ወይ,59
2010,ደሙ,59
2010,ጋራ,57
2010,ከቶ,56
2010,ሆነ,55
2010,ቀን,55
2010,የአንተ,55
2010,ቤት,54
2010,ትልቅ,54
2010,ዘለዓለም,54
2010,ደስታ,54
2010,ለአንተ,51
2010,የለ,51
2010,ያለው,49
2010,ሃሌሉያ,48
2010,ሌለ,47
2010,መንፈስ,47
2010,ድል,47
2010,ውኃ,46
2010,ይለኛል,46
2010,ደራሽ,46
2010,ደግሞ,46
2010,ወንጌል,45
2010,ሁሉም,44
2010,አደራ,44
2010,ልብ,42
2010,አዲስ,42
2010,ምህረት,41
2010,ይሄ,41
2010,ደስ,41
2010,ቀኑ,40
2010,ቀና,40
2010,አምልኮ,40
2010,አዋቂ,40
2010,ጌታን,40
2010,ሩቅ,39
2010,አባት,39
2010,ደህና,38
2010,ደረሰ,38
2010,ሁሌ,37
2010,ቀላል,37
2010,ዘምር,37
2010,መኖር,36
2010,ብለህ,36
2010,ዓይን,36
2010,ይዤ,36
2010,ጠላት,36
2010,ትዝ,35
2010,ኃይል,35
2010,ነበረ,35
2010,እሳት,35
2010,ደም,35
2010,ተመችቶኛል,34
2010,ስለዚ,33
2010,እውነት,33
2010,እጄ,33
2010,ይበልጣል,33
2010,ልኑር,32
2010,መልካም,32
2010,በረከት,32
2010,ቦታ,32
2011,ኢየሱስ,1288
2011,እኔ,704
2011,እግዚአብሄር,436
2011,አለ,381
2011,እርሱ,283
2011,ሰው,224
2011,አለኝ,213
2011,ገና,213
2011,ክብር,188
2011,ሰማይ,174
2011,በላይ,153
2011,አምላኬ,153
2011,ክበር,145
2011,ንገሥ,139
2011,ያለው,138
2011,ምድር,136
2011,ፍቅር,133
2011,አምላክ,132
2011,ብዙ,131
2011,ቅዱስ,117
2011,ቀን,116
2011,ይሄ,111
2011,ዘለዓለም,106
2011,ምሥጋና,104
2011,ህይወት,99
2011,ሆነ,97
2011,ዛሬ,96
2011,ልቤ,94
2011,ትልቅ,92
2011,ዓለም,90
2011,ፊት,89
2011,እኔስ,88
2011,እውነት,88
2011,ከላይ,86
2011,መንገድ,85
2011,ቃል,84
2011,አባት,82
2011,ህይወቴ,78
2011,አንተን,75
2011,ድል,74
2011,ተነስ,73
2011,ሙሉ,72
2011,ሚስጥር,70
2011,ስራ,70
2011,አንድ,69
2011,ነፍሴ,68
2011,ዝም,68
2011,እንዲ,67
2011,መልካም,66
2011,ተመስገን,64
2011,ተነሽ,64
2011,አዲስ,64
2011,እጅግ,63
2011,ሁሉን,62
2011,መንፈስ,62
2011,ታላቅ,61
2011,ምህረቱ,60
2011,ንጉሥ,59
2011,ሆኖ,58
2011,ቤት,58
2011,ደስታ,58
2011,ጋር,57
2011,ምንም,55
2011,ለአንተ,54
2011,ሞት,54
2011,ሥሙ,54
2011,እኛ,54
2011,ዙፋኑ,54
2011,ይሆናል,54
2011,ልጅ,52
2011,ማነ,52
2011,ቃሉ,52
2011,ወዳጅ,52
2011,ገናና,52
2011,ስሙ,51
2011,አምልኮ,51
2011,ነገ,50
2011,ደግሞ,50
2011,ጊዜ,50
2011,ምህረት,49
2011,ከቶ,49
2011,ሃሌሉያ,48
2011,ልብ,44
2011,ብርሃን,44
2011,እድለኛ,44
2011,ይታመናል,44
2011,ደም,44
2011,ጠላቴ,44
2011,ውስጥ,43
2011,ዙፋን,43
2011,ለም,42
2011,ልዩ,42
2011,መቼ,42
2011,ተነሳ,42
2011,እንደአንተ,42
2011,አሜን,41
2011,እዩልኛ,40
2011,ይህን,40
2011,ይታይ,40
2011,ድምጽ,40
2012,ኢየሱስ,1004
2012,እኔ,456
2012,እርሱ,260
2012,እግዚአብሄር,258
2012,ገና,200
2012,ሰው,193
2012,ፍቅር,179
2012,ክብር,141
2012,ቃል,135
2012,አምላክ,131
2012,አለ,128
2012,ብዙ,112
2012,ዛሬ,108
2012,ህይወቴ,104
2012,ልቤ,99
2012,ፊት,98
2012,ምሥጋና,87
2012,ነፍሴ,87
2012,ሁሉን,82
2012,አንተን,82
2012,ለአንተ,81
2012,ዘለዓለም,81
2012,ደስታ,81
2012,ምድር,79
2012,በላይ,79
2012,አምላኬ,76
2012,ህይወት,72
2012,ሆነ,71
2012,ጋር,69
2012,እኛ,66
2012,ድል,65
2012,ሰማይ,62
2012,ክበር,61
2012,ሥሙ,60
2012,ዓለም,60
2012,ዘመን,60
2012,ላመስግን,59
2012,ቅዱስ,59
2012,ተስፋ,59
2012,ታማኝ,58
2012,እጅግ,58
2012,ማነ,57
2012,አለኝ,57
2012,እውነት,56
2012,ሞት,55
2012,ከፍ,55
2012,ጋራ,54
2012,ሃሌሉያ,52
2012,ይመሥገን,52
2012,ይህን,51
2012,ይንገሥ,50
2012,መንገድ,49
2012,መጣ,48
2012,ምህረት,48
2012,መንፈስ,46
2012,ከሁሉ,46
2012,ይሄ,46
2012,ልጅ,45
2012,ታላቅ,45
2012,በራ,43
2012,እኮ,43
2012,የለ,43
2012,ደግሞ,43
2012,ሆኜ,42
2012,መኖር,42
2012,ልዑል,41
2012,አንድ,41
2012,ጌታን,41
2012,ጠላት,41
2012,ሥም,40
2012,ነዉ,40
2012,መቼ,39
2012,ቤቴ,39
2012,ክብሩ,39
2012,ሌለ,38
2012,ዕልልታ,38
2012,ጊዜ,38
2012,መላ,37
2012,እራሱ,37
2012,ወዳጅ,37
2012,ዘመኔ,37
2012,መስቀል,36
2012,ተመስገን,36
2012,ንገሥ,36
2012,ጨለማ,36
2012,አመልከዋለሁ,35
2012,እንዳንተ,35
2012,ክፉ,35
2012,ግርማ,35
2012,ሆኖ,34
2012,ብርሃን,34
2012,ነውና,34
2012,ወዳጄ,34
2012,ያለው,34
2012,ይመጣል,34
2012,ደስ,34
2012,ፍቅሩ,34
2012,መልካም,33
2012,ማንም,33
2012,ምንም,33
2013,ኢየሱስ,1273
2013,እኔ,477
2013,እርሱ,340
2013,እግዚአብሄር,339
2013,ምሥጋና,215
2013,ክብር,209
2013,አምላክ,173
2013,ሰው,171
2013,አለ,155
2013,አንተን,143
2013,ህይወቴ,133
2013,ማነ,131
2013,ዛሬ,129
2013,ምህረት,123
2013,ልቤ,118
2013,ከፍ,118
2013,ሆነ,114
2013,መላ,108
2013,ፍቅር,104
2013,አንድ,97
2013,ዓለም,96
2013,ነፍሴ,89
2013,ዘለዓለም,88
2013,አለኝ,85
2013,ፊት,81
2013,መቼ,80
2013,ሰላም,78
2013,ህይወት,77
2013,ገና,77
2013,ሠማይ,76
2013,ስራ,76
2013,ብዙ,76
2013,ወይ,75
2013,እኔስ,74
2013,እኛ,74
2013,ይኽው,74
2013,ድንቅ,74
2013,አምላኬ,73
2013,ቤት,72
2013,ሁሉም,70
2013,ያለው,69
2013,በላይ,66
2013,ውለታ,66
2013,ሃሌሉያ,64
2013,ጊዜ,64
2013,አልረሳ,62
2013,የአንተ,61
2013,ምድር,59
2013,መልካም,58
2013,ማረኝ,57
2013,ሞት,55
2013,አመልካለሁ,54
2013,ሰላሜ,52
2013,አለዉ,52
2013,ቀን,51
2013,ቃል,50
2013,ዕልልታ,50
2013,አባቴ,49
2013,ወዳጄ,48
2013,ጨለማ,48
2013,ምህረቱ,46
2013,ተስፋ,46
2013,አባት,46
2013,አዲስ,46
2013,ፀጋ,46
2013,ትልቅ,44
2013,ለአንተ,43
2013,ልብ,43
2013,ሞገስ,43
2013,ስም,43
2013,እስቲ,43
2013,እስኪ,43
2013,ገናና,43
2013,ስሙ,42
2013,ዝማሬ,42
2013,ይሁንለት,42
2013,ደም,42
2013,ደስታ,41
2013,ጌታን,41
2013,ሆኖ,40
2013,ስንት,40
2013,አለብኝ,40
2013,እጁ,40
2013,ይባረክ,40
2013,ገባ,40
2013,አምልኮ,39
2013,ዘመን,39
2013,ጠላቴ,39
2013,መንገድ,38
2013,ቤቴ,38
2013,ይችላል,38
2013,ደግሞ,38
2013,መች,37
2013,ከቶ,37
2013,ክብሬ,37
2013,ዙፋኑ,36
2013,ደሙ,36
2013,ዳግም,36
2013,ጀግና,35
2013,ሁሉን,34
2014,ኢየሱስ,1046
2014,እኔ,360
2014,ፍቅር,201
2014,እርሱ,191
2014,አለ,188
2014,እግዚአብሄር,156
2014,ክብር,153
2014,አንተን,134
2014,ህይወት,128
2014,ቃል,98
2014,ዛሬ,95
2014,ልቤ,91
2014,ሰው,87
2014,ያለው,85
2014,ህይወቴ,76
2014,ስም,76
2014,ብዙ,75
2014,አለኝ,75
2014,እኔስ,75
2014,ቅዱስ,70
2014,ወይ,65
2014,ሆነ,62
2014,ሁሉን,61
2014,ደስታ,60
2014,ምሥጋና,54
2014,ይሄ,54
2014,ነፍሴ,52
2014,በላይ,51
2014,መኖር,49
2014,ያን,48
2014,ጋር,48
2014,ምድር,47
2014,ፊት,47
2014,ሞት,46
2014,ደስ,46
2014,አምላኬ,45
2014,ከንቱ,45
2014,ሁሌ,44
2014,ለአንተ,44
2014,ምሥጋናዬ,44
2014,ይሆናል,44
2014,አባ,43
2014,አባቴ,42
2014,አመልክሃለሁ,40
2014,አምላክ,40
2014,ገና,40
2014,መንገድ,39
2014,ምህረት,39
2014,ትልቅ,38
2014,ዓለም,38
2014,መልካም,37
2014,ቀን,37
2014,አንድ,37
2014,እወድሃለሁ,37
2014,ጋራ,37
2014,ቤቴ,36
2014,ውስጥ,36
2014,እውነት,34
2014,ይህን,34
2014,ይሰራል,34
2014,ልብ,33
2014,አምንሃለሁ,33
2014,አዎ,33
2014,ጊዜ,33
2014,ላለ,32
2014,መንፈስ,32
2014,ሱስ,32
2014,ስራ,32
2014,ሁሉም,31
2014,ልጅ,31
2014,ምንድ,31
2014,ቀላል,31
2014,ተስፋ,31
2014,ደግሞ,31
2014,አስጨክነኝ,30
2014,ሰማይ,29
2014,እኮ,29
2014,እጅ,29
2014,መች,28
2014,አያለሁ,28
2014,ይመጣል,28
2014,ሂወቴ,27
2014,ታማኝ,27
2014,ውለታ,27
2014,ይበልጣል,27
2014,ይቻላል,27
2014,ሃገሬ,26
2014,ሌለ,26
2014,እሄዳለሁ,26
2014,እንካ,26
2014,ዘንድ,26
2014,ያሳየኛል,26
2014,ድል,26
2014,ሠማይ,25
2014,ሰላም,25
2014,ባንተ,25
2014,ከፍ,25
2014,ዕለት,25
2014,ያኖረኛል,25
2014,ይኸ,25
2015,ኢየሱስ,58
2015,ከበበኝ,57
2015,ወደላይ,48
2015,አለኝ,42
2015,እኔ,41
2015,በላይ,28
2015,መንፈሱ,21
2015,ክብሩ,20
2015,ገና,18
2015,ዝማሬ,17
2015,አምልኮ,16
2015,ምስጋና,15
2015,በቃ,15
2015,ብዙ,15
2015,እልልታ,15
2015,ልቤ,13
2015,ፍቅር,13
2015,ሰው,12
2015,አልተው,12
2015,እኔማ,12
2015,ወደፊት,12
2015,ጐኔ,12
2015,አለፈ,11
2015,ከዚ,11
2015,ሌለ,10
2015,አለ,10
2015,መልካም,9
2015,መዝሙር,9
2015,ቃል,9
2015,ላምልክ,8
2015,ልዩ,8
2015,አየሁት,8
2015,አገዘኝ,8
2015,እርሱ,8
2015,ደግሜ,8
2015,ሞተ,7
2015,አቻ,7
2015,አንተን,7
2015,አዲስ,7
2015,እኮ,7
2015,እጁ,7
2015,ህይወቴ,6
2015,ለካ,6
2015,መንፈስ,6
2015,ቀና,6
2015,ቃሉ,6
2015,ቅባቱ,6
2015,በራ,6
2015,ናፈቀኝ,6
2015,ንስር,6
2015,እሳቱ,6
2015,እንደዚህ,6
2015,ከፍ,6
2015,ዜማ,6
2015,የማልተካው,6
2015,የማልተወው,6
2015,ያው,6
2015,ሁሌ,5
2015,ሃሌሉያ,5
2015,ሆነ,5
2015,ሆኖ,5
2015,ሙሉ,5
2015,ቅኔ,5
2015,ቤቴ,5
2015,ችግር,5
2015,አዎ,5
2015,እስቲ,5
2015,ዛሬ,5
2015,ይለቅ,5
2015,ደህና,5
2015,ፊት,5
2015,ሁሉም,4
2015,ሚሰማ,4
2015,ሚታየው,4
2015,ማነ,4
2015,ምናለ,4
2015,ሰላም,4
2015,ሰጠኝ,4
2015,ሲለኝ,4
2015,ሳምን,4
2015,ሽታ,4
2015,በል,4
2015,በምን,4
2015,ነካኝ,4
2015,ነገረኝ,4
2015,ነጋ,4
2015,አባቴ,4
2015,አትረፈረፈኝ,4
2015,አዬ,4
2015,አጋፔ,4
2015,እስኪ,4
2015,እንዳመልክህ,4
2015,እያየ,4
2015,ካለ,4
2015,ክረምቱ,4
2015,ክብር,4
2015,ወደር,4
2015,ወዲያ,4
2015,ዓለም,4
2015,ዝም,4
2016,ኢየሱስ,253
2016,እኔ,60
2016,እግዚአብሄር,33
2016,ሰው,31
2016,ፍቅር,30
2016,ትልቅ,29
2016,አንተማ,29
2016,ፍቅሩ,29
2016,ትችላለህ,28
2016,ነዉ,28
2016,እርሱ,22
2016,ታይ,20
2016,አባቴ,19
2016,ስም,18
2016,ሁሉን,17
2016,ልቤ,17
2016,ቅዱስ,17
2016,ልጅ,16
2016,አንተን,16
2016,እዉነተኛ,16
2016,ልጁ,15
2016,መልካም,15
2016,ምንጭ,15
2016,ብዙ,15
2016,ወረት,15
2016,የሌለዉ,15
2016,ፊቱ,15
2016,ፊት,15
2016,ላንተ,14
2016,ሞት,14
2016,ንጉሥ,14
2016,ዘላለም,14
2016,ህይወቴ,13
2016,ምክንያት,13
2016,ሰላሜ,13
2016,ስራ,13
2016,ክብር,13
2016,ይወደኛል,13
2016,ደስታዬ,13
2016,ፍጥረት,13
2016,ሁሌ,12
2016,መዳኛ,12
2016,ምሥጋና,12
2016,ተነሳ,12
2016,አብዝቼ,12
2016,አዲስ,12
2016,እንዳንተ,12
2016,እያየዉ,12
2016,ከፍ,12
2016,ዛሬ,12
2016,ደስታ,12
2016,ምህረት,11
2016,ምድር,11
2016,ሰማይ,11
2016,ለጌታ,10
2016,ምህረቱ,10
2016,ቃሉ,10
2016,በላይ,10
2016,ኃያል,10
2016,አይደል,10
2016,እራሴ,10
2016,እንዲ,10
2016,ያለህ,10
2016,ገና,10
2016,ለኔ,9
2016,መንፈስ,9
2016,ስሙ,9
2016,አለኝ,9
2016,ያማረ,9
2016,መዘመር,8
2016,ምትፈልገዉ,8
2016,ሞተ,8
2016,ሰማያት,8
2016,በኔ,8
2016,ነፍስ,8
2016,አፍቃሪ,8
2016,ኸረ,8
2016,የለ,8
2016,የምትሻዉ,8
2016,ይሄ,8
2016,ይዘምሩ,8
2016,ህይወት,7
2016,ሆነ,7
2016,ልቅረብ,7
2016,መች,7
2016,ሥም,7
2016,ሰራ,7
2016,ሰጠኝ,7
2016,ቃል,7
2016,ባይሞላ,7
2016,ነፍሴ,7
2016,አምላክ,7
2016,አባ,7
2016,አንድ,7
2016,ወዳጅ,7
2016,ዓለም,7
2016,ጋር,7
2016,ሁኔታ,6
2016,ህዝብ,6
2016,ለታ,6
2017,ኢየሱስ,95
2017,እግዚአብሄር,49
2017,እኔ,48
2017,አለ,36
2017,ብዙ,35
2017,ክብር,35
2017,እርሱ,34
2017,ህይወት,23
2017,ሆነ,22
2017,ስም,21
2017,ቤቴ,21
2017,ላክ,20
2017,መጀመሪያ,20
2017,ይችላል,20
2017,ነፍሴ,19
2017,አምላክ,19
2017,ዛሬ,19
2017,ምህረት,18
2017,ተመስገን,17
2017,ፍቅር,17
2017,ህይወቴ,16
2017,መንፈስ,16
2017,ሰማይ,16
2017,ምድር,15
2017,ባንተ,15
2017,አንተን,15
2017,እስኪ,14
2017,ከፍ,14
2017,ይቅር,14
2017,ሆኖ,13
2017,እረኛዬ,13
2017,ማረን,12
2017,ሰው,12
2017,ቃል,11
2017,በለን,11
2017,እኮ,11
2017,ይሄ,11
2017,ላንተ,10
2017,እንደርሱ,10
2017,ወይ,10
2017,ያንተ,10
2017,ይህን,10
2017,ድምፅ,10
2017,ሁሌ,9
2017,መች,9
2017,መኖሬ,9
2017,ማደሪያ,9
2017,ገና,9
2017,ፊት,9
2017,መቼ,8
2017,ምክንያት,8
2017,ስትመለክ,8
2017,ቀን,8
2017,አመልክሃለሁ,8
2017,አንተኮ,8
2017,አንድ,8
2017,እንኳ,8
2017,እየማርክኝ,8
2017,ወዳጄ,8
2017,ያለው,8
2017,ያላንተ,8
2017,ደጄ,8
2017,ጋር,8
2017,ላለ,7
2017,ልቤ,7
2017,ልክ,7
2017,ምንጭ,7
2017,በላይ,7
2017,ቤቱ,7
2017,ትልቅ,7
2017,ንጉሥ,7
2017,አሳረፈኝ,7
2017,እንዲ,7
2017,እጅ,7
2017,ከቶ,7
2017,ውሃ,7
2017,ውስጥ,7
2017,ዘላለም,7
2017,ዙፋኑ,7
2017,ደስ,7
2017,ጨለማ,7
2017,መልካም,6
2017,መንፈሱ,6
2017,ሙሉ,6
2017,ምህረቱ,6
2017,ምርጫ,6
2017,ስል,6
2017,ቀር,6
2017,ብርሃን,6
2017,ብዬው,6
2017,ኑሮ,6
2017,አዳኝ,6
2017,ከሁሉ,6
2017,ክበር,6
2017,ያለፈ,6
2017,ጉልበት,6
2017,ጓደኛዬ,6
2017,ሁሉም,5
2017,ልጅ,5
2017,መኖር,5
2018,ኢየሱስ,166
2018,እኔ,105
2018,ገና,60
2018,እርሱ,44
2018,ሰው,43
2018,አለ,43
2018,ልቤ,41
2018,ክብር,38
2018,ዘላለም,31
2018,ሆነ,29
2018,የጌታ,26
2018,እግዚአብሄር,25
2018,ዛሬ,25
2018,ፍቅር,25
2018,አንተን,24
2018,ልዩ,22
2018,በላይ,21
2018,ወይ,21
2018,ሰማይ,20
2018,ቀና,20
2018,ቢሆን,20
2018,ታማኝ,20
2018,መልካም,19
2018,ቃል,19
2018,ህይወት,18
2018,ህይወቴ,17
2018,ምህረት,17
2018,ቃሉ,17
2018,ነፍሴ,17
2018,ምስጋና,16
2018,ብሶበታል,16
2018,አመስግኑ,16
2018,ይለኛል,16
2018,ልበል,15
2018,ምድር,15
2018,ብዙ,15
2018,አምላክ,15
2018,ዓይኔ,15
2018,ያልፋል,15
2018,ጊዜ,15
2018,ላክብረው,14
2018,ተራዬ,14
2018,ከቶ,14
2018,ይችላል,14
2018,ትዝ,13
2018,እዘምራለሁ,13
2018,ኸረ,13
2018,ዝም,13
2018,ይዞ,13
2018,ስል,12
2018,አልል,12
2018,ኤልሻዳይ,12
2018,እያለ,12
2018,ሁሉን,11
2018,ሁሌ,11
2018,ምህረቱ,11
2018,ምስክር,11
2018,ቀን,11
2018,እጅ,11
2018,ዘላለማዊ,11
2018,ዘመኔ,11
2018,ደሙ,11
2018,ደስ,11
2018,በጌታ,10
2018,እኔማ,10
2018,እጁ,10
2018,የአንተ,10
2018,ደስታ,10
2018,ድል,10
2018,ድንቅ,10
2018,ጠላቴ,10
2018,ሆኖ,9
2018,ሚረዳኝ,9
2018,ማንም,9
2018,በሉ,9
2018,ተስፋ,9
2018,አባቴ,9
2018,አንድ,9
2018,እንዲ,9
2018,ደግሞ,9
2018,ለአንተ,8
2018,መቼ,8
2018,መጣ,8
2018,ምለው,8
2018,ሲሉ,8
2018,ቢበራማ,8
2018,ቤቴ,8
2018,ተመስገን,8
2018,ተረጋግቷል,8
2018,አባት,8
2018,እሆናለሁ,8
2018,እቆማለሁ,8
2018,እጄ,8
2018,ክጐኔ,8
2018,ዕልል,8
2018,ያበረታኝ,8
2018,ያው,8
2018,ይሁንለት,8
2018,ይሄ,8
2018,ይግነን,8
2019,ኢየሱስ,24
2019,ፍቅር,20
2019,እኔ,19
2019,ክብር,17
2019,ሆነ,12
2019,አለፈ,12
2019,በላይ,11
2019,መገኛ,10
2019,ሲሆን,10
2019,ቤት,10
2019,አለ,10
2019,አበቃ,10
2019,እንዳለፈ,10
2019,ያም,10
2019,ደግሞ,10
2019,መውደድ,8
2019,ምስጋና,8
2019,ሰው,8
2019,ትዕግስትህ,8
2019,ገና,8
2019,ሁሌ,7
2019,ልቤ,7
2019,መልካም,7
2019,መጀመርያ,7
2019,ቀረ,7
2019,ብዙ,7
2019,እነ,7
2019,ልበል,6
2019,መዘመር,6
2019,ቤቱ,6
2019,ነህና,6
2019,አለኝ,6
2019,እንኳ,6
2019,እግዚአብሄር,6
2019,ዓይና,6
2019,ያለው,6
2019,መተህማ,5
2019,አላሳንስህ,5
2019,አልቆጥብብህ,5
2019,ወትሮ,5
2019,ዘምር,5
2019,ያልረሳ,5
2019,ድሮ,5
2019,መዉደድህ,4
2019,በጋ,4
2019,በጎ,4
2019,ባህር,4
2019,ተዋት,4
2019,ነበረ,4
2019,ክረምት,4
2019,ዋለ,4
2019,ዛሬ,4
2019,ይሆናል,4
2019,ይለኛል,4
2019,ይብዛልህ,4
2019,ይዘልቃል,4
2019,ጋራ,4
2019,ጋር,4
2019,ጥልቀቱ,4
2019,ጩህ,4
2019,ህይወት,3
2019,ሆኖ,3
2019,ለሊት,3
2019,ላንተ,3
2019,ልማዴ,3
2019,መበርቻዬ,3
2019,ሚሆን,3
2019,ረዳኝ,3
2019,ቀን,3
2019,ቃላት,3
2019,ቃል,3
2019,በርሱ,3
2019,በቂ,3
2019,ባይ,3
2019,ተውት,3
2019,ንጉስ,3
2019,አሜን,3
2019,አምላክ,3
2019,እስኪ,3
2019,እንሟን,3
2019,እያለ,3
2019,ከነ,3
2019,ወጀብ,3
2019,የለለበት,3
2019,ያንሳ,3
2019,ድቅድቁ,3
2019,ጨለማ,3
2019,ፊት,3
2019,ፍቅሩ,3
2019,ሁኔታ,2
2019,ሁን,2
2019,ሂድ,2
2019,ሃሳቤ,2
2019,ህልም,2
2019,ለሱ,2
2019,ለቆኛል,2
2019,ለኔ,2
2019,ለወጠዉ,2
2019,ልቀኘለት,2
2019,ልበ,2
